INSERT INTO Department VALUES ('TR5','Training',null); 
INSERT INTO Department VALUES ('SU9','Support',null); 
INSERT INTO Department VALUES ('MA3','Marketing',null); 
INSERT INTO Department VALUES ('LE0','Legal',null); 
INSERT INTO Department VALUES ('T05','Training2',null); 
INSERT INTO Department VALUES ('PR11','Product Management',null); 
INSERT INTO Department VALUES ('M03','Marketing2',null); 
INSERT INTO Department VALUES ('AC10','Accounting',null); 
INSERT INTO Department VALUES ('SE1','Services',null); 
INSERT INTO Department VALUES ('R07','Research and Development2',null); 
INSERT INTO Department VALUES ('L00','Legal2',null); 
INSERT INTO Department VALUES ('A010','Accounting2',null); 
INSERT INTO Department VALUES ('BU4','Business Development',null); 
INSERT INTO Department VALUES ('EN8','Engineering',null); 
INSERT INTO Department VALUES ('SA2','Sales',null); 
INSERT INTO Department VALUES ('HU6','Human Resources',null); 
INSERT INTO Department VALUES ('E08','Engineering2',null); 
INSERT INTO Department VALUES ('RE7','Research and Development',null); 

 
INSERT INTO Employee VALUES ('JU52LAN','Judas','Langfat','Avenida 47B #38-79',TO_DATE('8/06/1958','dd/mm/yyyy'),'F','Professor',null); 
INSERT INTO Employee VALUES ('AL69ISK','Allina','Iskower','Avenida 82A #29-66',TO_DATE('12/06/1968','dd/mm/yyyy'),'F','Actuary',null); 
INSERT INTO Employee VALUES ('ER36CUL','Erma','Culley','Cll.63B #70-18',TO_DATE('29/12/1978','dd/mm/yyyy'),'F','Accounting Assistant III',null); 
INSERT INTO Employee VALUES ('UR60BIR','Urbano','Birrel','Avenida 97 #55-54',TO_DATE('26/12/1968','dd/mm/yyyy'),'M','Business Systems Development Analyst',null); 
INSERT INTO Employee VALUES ('PA49DAL','Pamelina','Dallyn','Avenida 86 #72-47',TO_DATE('14/05/2001','dd/mm/yyyy'),'F','Operator',null); 
INSERT INTO Employee VALUES ('AR27HEL','Ardra','Hellwich','Cra.64B #22-44',TO_DATE('10/01/1987','dd/mm/yyyy'),'M','Human Resources Manager',null); 
INSERT INTO Employee VALUES ('GW91MEA','Gwenneth','Meadows','Avenida 25B #87-53',TO_DATE('3/10/1993','dd/mm/yyyy'),'M','Information Systems Manager',null); 
INSERT INTO Employee VALUES ('DE47KOR','Deb','Kordova','Cll.65B #77-70',TO_DATE('4/05/1979','dd/mm/yyyy'),'F','Graphic Designer',null); 
INSERT INTO Employee VALUES ('ER90DI ','Ernestus','Di Ruggero','Cll.24B #86-97',TO_DATE('6/07/1975','dd/mm/yyyy'),'M','Web Designer III',null); 
INSERT INTO Employee VALUES ('KE23RED','Kendricks','Redler','Cll.83 #73-97',TO_DATE('29/06/1973','dd/mm/yyyy'),'F','Chemical Engineer',null); 
INSERT INTO Employee VALUES ('AL33HAR','Allister','Harg','Cra.56 #74-26',TO_DATE('26/01/1962','dd/mm/yyyy'),'F','Civil Engineer',null); 
INSERT INTO Employee VALUES ('GE19WIN','Genni','Winterbotham','Cra.38 #65-27',TO_DATE('27/10/2000','dd/mm/yyyy'),'F','Administrative Assistant IV',null); 
INSERT INTO Employee VALUES ('DI50BOL','Dionisio','Bolesworth','Cll.53 #22-71',TO_DATE('5/03/1978','dd/mm/yyyy'),'F','Junior Executive',null); 
INSERT INTO Employee VALUES ('OR15SOA','Orlando','Soares','Cra.20A #7-8',TO_DATE('2/02/1966','dd/mm/yyyy'),'F','Clinical Specialist',null); 
INSERT INTO Employee VALUES ('LI30NOT','Lilla','Notton','Cra.22A #64-82',TO_DATE('6/04/2000','dd/mm/yyyy'),'M','Executive Secretary',null); 
INSERT INTO Employee VALUES ('JA57WOO','Janela','Woodvine','Cll.31 #89-54',TO_DATE('16/06/1978','dd/mm/yyyy'),'F','Paralegal',null); 
INSERT INTO Employee VALUES ('CR1HRI','Crystie','Hritzko','Cra.44 #61-17',TO_DATE('13/01/1977','dd/mm/yyyy'),'M','Graphic Designer',null); 
INSERT INTO Employee VALUES ('LI97ROH','Lillis','Rohmer','Cra.3 #39-53',TO_DATE('12/03/1989','dd/mm/yyyy'),'F','Systems Administrator I',null); 
INSERT INTO Employee VALUES ('KA2ASP','Kath','Aspinall','Cll.12A #6-44',TO_DATE('3/08/1991','dd/mm/yyyy'),'M','Project Manager',null); 
INSERT INTO Employee VALUES ('SA82ALE','Sam','Alexsandrowicz','Cra.17B #45-35',TO_DATE('24/12/1974','dd/mm/yyyy'),'F','Senior Sales Associate',null); 
INSERT INTO Employee VALUES ('ME17PEP','Meade','Pepin','Cra.40B #48-25',TO_DATE('18/07/1971','dd/mm/yyyy'),'F','Financial Advisor',null); 
INSERT INTO Employee VALUES ('LA54BOD','Lammond','Bodimeade','Avenida 4A #80-13',TO_DATE('8/03/1956','dd/mm/yyyy'),'F','Environmental Specialist',null); 
INSERT INTO Employee VALUES ('BE48QUE','Bernetta','Quemby','Cra.63A #8-29',TO_DATE('27/10/1978','dd/mm/yyyy'),'F','Dental Hygienist',null); 
INSERT INTO Employee VALUES ('TI5AGG','Timmy','Aggett','Cra.4B #1-93',TO_DATE('25/12/1982','dd/mm/yyyy'),'M','Developer IV',null); 
INSERT INTO Employee VALUES ('EN22CRA','Enrico','Craighead','Cra.41B #16-23',TO_DATE('24/08/1998','dd/mm/yyyy'),'F','Assistant Media Planner',null); 
INSERT INTO Employee VALUES ('GI34IRV','Giordano','Irving','Avenida 92B #90-29',TO_DATE('4/10/1978','dd/mm/yyyy'),'M','Electrical Engineer',null); 
INSERT INTO Employee VALUES ('AN76NIE','Anestassia','Nielson','Cll.62B #82-28',TO_DATE('22/05/1992','dd/mm/yyyy'),'M','Recruiting Manager',null); 
INSERT INTO Employee VALUES ('JA15PAD','Jarrod','Paddington','Avenida 69B #15-1',TO_DATE('18/03/1969','dd/mm/yyyy'),'M','Civil Engineer',null); 
INSERT INTO Employee VALUES ('FO83JAN','Fowler','Janoch','Cra.8B #32-78',TO_DATE('23/02/1962','dd/mm/yyyy'),'M','Mechanical Systems Engineer',null); 
INSERT INTO Employee VALUES ('EN61CRA','Enrico','Craighead','Cra.14A #81-23',TO_DATE('23/02/1994','dd/mm/yyyy'),'F','Assistant Media Planner',null); 
INSERT INTO Employee VALUES ('TY1SAN','Tynan','Sands-Allan','Cll.68A #66-57',TO_DATE('6/06/1982','dd/mm/yyyy'),'F','Nuclear Power Engineer',null); 
INSERT INTO Employee VALUES ('IV96CAP','Ivor','Capell','Avenida 93A #41-66',TO_DATE('14/04/1976','dd/mm/yyyy'),'F','Senior Sales Associate',null); 
INSERT INTO Employee VALUES ('ED23REH','Edouard','Rehor','Cll.93B #47-4',TO_DATE('29/10/1981','dd/mm/yyyy'),'M','Research Associate',null); 
INSERT INTO Employee VALUES ('BU13BUR','Burl','Burnall','Avenida 89B #26-37',TO_DATE('31/07/1964','dd/mm/yyyy'),'F','Actuary',null); 
INSERT INTO Employee VALUES ('FO87KER','Fons','Kerin','Cra.10A #41-9',TO_DATE('13/06/1983','dd/mm/yyyy'),'F','VP Product Management',null); 
INSERT INTO Employee VALUES ('GR23RIC','Gretal','Richardon','Cll.2A #91-48',TO_DATE('5/09/1970','dd/mm/yyyy'),'M','Financial Advisor',null); 
INSERT INTO Employee VALUES ('CO41WIN','Cora','Wincer','Cra.27B #54-36',TO_DATE('28/11/1966','dd/mm/yyyy'),'M','Associate Professor',null); 
INSERT INTO Employee VALUES ('EV92GUI','Eve','Guilliland','Cll.6B #61-78',TO_DATE('13/07/1956','dd/mm/yyyy'),'M','Sales Associate',null); 
INSERT INTO Employee VALUES ('AA13LID','Aaron','Liddell','Avenida 22B #66-47',TO_DATE('19/12/1965','dd/mm/yyyy'),'F','Office Assistant I',null); 
INSERT INTO Employee VALUES ('DA12CAP','Daryle','Capaldo','Cra.85 #26-60',TO_DATE('4/04/1965','dd/mm/yyyy'),'M','Director of Sales',null); 

 
UPDATE Department SET empNo = 'JU52LAN' WHERE Department.deptNo = 'TR5';
UPDATE Department SET empNo = 'AL69ISK' WHERE Department.deptNo = 'SU9';
UPDATE Department SET empNo = 'ER36CUL' WHERE Department.deptNo = 'MA3';
UPDATE Department SET empNo = 'UR60BIR' WHERE Department.deptNo = 'LE0';
UPDATE Department SET empNo = 'PA49DAL' WHERE Department.deptNo = 'T05';
UPDATE Department SET empNo = 'AR27HEL' WHERE Department.deptNo = 'PR11';
UPDATE Department SET empNo = 'GW91MEA' WHERE Department.deptNo = 'M03';
UPDATE Department SET empNo = 'DE47KOR' WHERE Department.deptNo = 'AC10';
UPDATE Department SET empNo = 'ER90DI ' WHERE Department.deptNo = 'SE1';
UPDATE Department SET empNo = 'KE23RED' WHERE Department.deptNo = 'R07';
UPDATE Department SET empNo = 'AL33HAR' WHERE Department.deptNo = 'L00';
UPDATE Department SET empNo = 'GE19WIN' WHERE Department.deptNo = 'A010';
UPDATE Department SET empNo = 'DI50BOL' WHERE Department.deptNo = 'BU4';
UPDATE Department SET empNo = 'OR15SOA' WHERE Department.deptNo = 'EN8';
UPDATE Department SET empNo = 'LI30NOT' WHERE Department.deptNo = 'SA2';
UPDATE Department SET empNo = 'JA57WOO' WHERE Department.deptNo = 'HU6';
UPDATE Department SET empNo = 'CR1HRI' WHERE Department.deptNo = 'E08';
UPDATE Department SET empNo = 'LI97ROH' WHERE Department.deptNo = 'RE7';

 
UPDATE Employee SET deptNo = 'TR5' WHERE Employee.empNo = 'JU52LAN';
UPDATE Employee SET deptNo = 'SU9' WHERE Employee.empNo = 'AL69ISK';
UPDATE Employee SET deptNo = 'MA3' WHERE Employee.empNo = 'ER36CUL';
UPDATE Employee SET deptNo = 'LE0' WHERE Employee.empNo = 'UR60BIR';
UPDATE Employee SET deptNo = 'T05' WHERE Employee.empNo = 'PA49DAL';
UPDATE Employee SET deptNo = 'PR11' WHERE Employee.empNo = 'AR27HEL';
UPDATE Employee SET deptNo = 'M03' WHERE Employee.empNo = 'GW91MEA';
UPDATE Employee SET deptNo = 'AC10' WHERE Employee.empNo = 'DE47KOR';
UPDATE Employee SET deptNo = 'SE1' WHERE Employee.empNo = 'ER90DI ';
UPDATE Employee SET deptNo = 'R07' WHERE Employee.empNo = 'KE23RED';
UPDATE Employee SET deptNo = 'L00' WHERE Employee.empNo = 'AL33HAR';
UPDATE Employee SET deptNo = 'A010' WHERE Employee.empNo = 'GE19WIN';
UPDATE Employee SET deptNo = 'BU4' WHERE Employee.empNo = 'DI50BOL';
UPDATE Employee SET deptNo = 'EN8' WHERE Employee.empNo = 'OR15SOA';
UPDATE Employee SET deptNo = 'SA2' WHERE Employee.empNo = 'LI30NOT';
UPDATE Employee SET deptNo = 'HU6' WHERE Employee.empNo = 'JA57WOO';
UPDATE Employee SET deptNo = 'E08' WHERE Employee.empNo = 'CR1HRI';
UPDATE Employee SET deptNo = 'RE7' WHERE Employee.empNo = 'LI97ROH';
UPDATE Employee SET deptNo = 'BU4' WHERE Employee.empNo = 'KA2ASP';
UPDATE Employee SET deptNo = 'TR5' WHERE Employee.empNo = 'SA82ALE';
UPDATE Employee SET deptNo = 'EN8' WHERE Employee.empNo = 'ME17PEP';
UPDATE Employee SET deptNo = 'AC10' WHERE Employee.empNo = 'LA54BOD';
UPDATE Employee SET deptNo = 'M03' WHERE Employee.empNo = 'BE48QUE';
UPDATE Employee SET deptNo = 'SE1' WHERE Employee.empNo = 'TI5AGG';
UPDATE Employee SET deptNo = 'SE1' WHERE Employee.empNo = 'EN22CRA';
UPDATE Employee SET deptNo = 'E08' WHERE Employee.empNo = 'GI34IRV';
UPDATE Employee SET deptNo = 'LE0' WHERE Employee.empNo = 'AN76NIE';
UPDATE Employee SET deptNo = 'A010' WHERE Employee.empNo = 'JA15PAD';
UPDATE Employee SET deptNo = 'AC10' WHERE Employee.empNo = 'FO83JAN';
UPDATE Employee SET deptNo = 'TR5' WHERE Employee.empNo = 'EN61CRA';
UPDATE Employee SET deptNo = 'MA3' WHERE Employee.empNo = 'TY1SAN';
UPDATE Employee SET deptNo = 'E08' WHERE Employee.empNo = 'IV96CAP';
UPDATE Employee SET deptNo = 'BU4' WHERE Employee.empNo = 'ED23REH';
UPDATE Employee SET deptNo = 'EN8' WHERE Employee.empNo = 'BU13BUR';
UPDATE Employee SET deptNo = 'HU6' WHERE Employee.empNo = 'FO87KER';
UPDATE Employee SET deptNo = 'T05' WHERE Employee.empNo = 'GR23RIC';
UPDATE Employee SET deptNo = 'A010' WHERE Employee.empNo = 'CO41WIN';
UPDATE Employee SET deptNo = 'SA2' WHERE Employee.empNo = 'EV92GUI';
UPDATE Employee SET deptNo = 'EN8' WHERE Employee.empNo = 'AA13LID';
UPDATE Employee SET deptNo = 'MA3' WHERE Employee.empNo = 'DA12CAP';

 
INSERT INTO Project VALUES ('#VE4*','Veribet','RE7'); 
INSERT INTO Project VALUES ('#TR10*','Tresom','A010'); 
INSERT INTO Project VALUES ('#TR13*','Tresom','LE0'); 
INSERT INTO Project VALUES ('#KO24*','Konklux','T05'); 
INSERT INTO Project VALUES ('#OP1*','Opela','BU4'); 
INSERT INTO Project VALUES ('#GE12*','Gembucket','SU9'); 
INSERT INTO Project VALUES ('#FI19*','Fixflex','TR5'); 
INSERT INTO Project VALUES ('#GR23*','Greenlam','TR5'); 
INSERT INTO Project VALUES ('#DO7*','Domainer','TR5'); 
INSERT INTO Project VALUES ('#OP14*','Opela','RE7'); 
INSERT INTO Project VALUES ('#DO6*','Domainer','HU6'); 
INSERT INTO Project VALUES ('#ST18*','Stim','L00'); 
INSERT INTO Project VALUES ('#BI22*','Bitwolf','MA3'); 
INSERT INTO Project VALUES ('#CA20*','Cardguard','TR5'); 
INSERT INTO Project VALUES ('#TO9*','Toughjoyfax','AC10'); 
INSERT INTO Project VALUES ('#BI21*','Bitchip','L00'); 
INSERT INTO Project VALUES ('#SO16*','Sonsing','EN8'); 
INSERT INTO Project VALUES ('#RO17*','Ronstring','MA3'); 
INSERT INTO Project VALUES ('#ZO8*','Zontrax','HU6'); 
INSERT INTO Project VALUES ('#TO2*','Toughjoyfax','HU6'); 
INSERT INTO Project VALUES ('#VI5*','Viva','SE1'); 
INSERT INTO Project VALUES ('#ZA0*','Zaam-Dox','LE0'); 
INSERT INTO Project VALUES ('#AL3*','Alpha','EN8'); 
INSERT INTO Project VALUES ('#TA15*','Tampflex','EN8'); 
INSERT INTO Project VALUES ('#FI11*','Fix San','BU4'); 

 
INSERT INTO WorksOn VALUES ('UR60BIR','#TR13*',TO_DATE('5/05/2019','dd/mm/yyyy'),1.02); 
INSERT INTO WorksOn VALUES ('AL33HAR','#ST18*',TO_DATE('1/04/2020','dd/mm/yyyy'),5.27); 
INSERT INTO WorksOn VALUES ('DI50BOL','#OP1*',TO_DATE('11/07/2019','dd/mm/yyyy'),3.11); 
INSERT INTO WorksOn VALUES ('OR15SOA','#TA15*',TO_DATE('17/10/2019','dd/mm/yyyy'),4.55); 
INSERT INTO WorksOn VALUES ('OR15SOA','#TA15*',TO_DATE('19/09/2020','dd/mm/yyyy'),3.33); 
INSERT INTO WorksOn VALUES ('JU52LAN','#GR23*',TO_DATE('29/03/2021','dd/mm/yyyy'),4.46); 
INSERT INTO WorksOn VALUES ('JU52LAN','#FI19*',TO_DATE('12/12/2020','dd/mm/yyyy'),2.75); 
INSERT INTO WorksOn VALUES ('UR60BIR','#ZA0*',TO_DATE('14/02/2020','dd/mm/yyyy'),4.92); 
INSERT INTO WorksOn VALUES ('ER90DI ','#VI5*',TO_DATE('24/12/2020','dd/mm/yyyy'),3.56); 
INSERT INTO WorksOn VALUES ('LI97ROH','#VE4*',TO_DATE('6/07/2019','dd/mm/yyyy'),6.54); 
INSERT INTO WorksOn VALUES ('UR60BIR','#ZA0*',TO_DATE('15/10/2020','dd/mm/yyyy'),10.81); 
INSERT INTO WorksOn VALUES ('JA57WOO','#ZO8*',TO_DATE('29/07/2020','dd/mm/yyyy'),7.07); 
INSERT INTO WorksOn VALUES ('AL33HAR','#BI21*',TO_DATE('2/05/2019','dd/mm/yyyy'),8.54); 
INSERT INTO WorksOn VALUES ('JA57WOO','#DO6*',TO_DATE('16/03/2019','dd/mm/yyyy'),10.56); 
INSERT INTO WorksOn VALUES ('ER90DI ','#VI5*',TO_DATE('4/02/2019','dd/mm/yyyy'),6.42); 
INSERT INTO WorksOn VALUES ('JU52LAN','#CA20*',TO_DATE('29/04/2021','dd/mm/yyyy'),1.2); 
INSERT INTO WorksOn VALUES ('LI97ROH','#OP14*',TO_DATE('10/01/2019','dd/mm/yyyy'),6.16); 
INSERT INTO WorksOn VALUES ('LI97ROH','#VE4*',TO_DATE('20/06/2019','dd/mm/yyyy'),9.2); 
INSERT INTO WorksOn VALUES ('OR15SOA','#AL3*',TO_DATE('31/07/2020','dd/mm/yyyy'),9.94); 
INSERT INTO WorksOn VALUES ('DI50BOL','#OP1*',TO_DATE('29/03/2020','dd/mm/yyyy'),9.42); 
INSERT INTO WorksOn VALUES ('OR15SOA','#SO16*',TO_DATE('27/08/2019','dd/mm/yyyy'),4.66); 
INSERT INTO WorksOn VALUES ('PA49DAL','#KO24*',TO_DATE('7/11/2019','dd/mm/yyyy'),8.28); 
INSERT INTO WorksOn VALUES ('JU52LAN','#FI19*',TO_DATE('26/06/2019','dd/mm/yyyy'),11.43); 
INSERT INTO WorksOn VALUES ('JU52LAN','#DO7*',TO_DATE('6/10/2019','dd/mm/yyyy'),5.28); 
INSERT INTO WorksOn VALUES ('UR60BIR','#ZA0*',TO_DATE('3/11/2019','dd/mm/yyyy'),1.66); 
INSERT INTO WorksOn VALUES ('LI97ROH','#OP14*',TO_DATE('28/01/2019','dd/mm/yyyy'),2.01); 
INSERT INTO WorksOn VALUES ('LI97ROH','#VE4*',TO_DATE('13/10/2020','dd/mm/yyyy'),7.91); 

