INSERT INTO Department VALUES ('TR5','Training',null); 
INSERT INTO Department VALUES ('S02','Sales2',null); 
INSERT INTO Department VALUES ('SU9','Support',null); 
INSERT INTO Department VALUES ('MA3','Marketing',null); 
INSERT INTO Department VALUES ('H06','Human Resources2',null); 
INSERT INTO Department VALUES ('E08','Engineering2',null); 
INSERT INTO Department VALUES ('S09','Support2',null); 
INSERT INTO Department VALUES ('LE0','Legal',null); 
INSERT INTO Department VALUES ('PR11','Product Management',null); 
INSERT INTO Department VALUES ('AC10','Accounting',null); 
INSERT INTO Department VALUES ('SE1','Services',null); 
INSERT INTO Department VALUES ('R07','Research and Development2',null); 
INSERT INTO Department VALUES ('L00','Legal2',null); 
INSERT INTO Department VALUES ('B04','Business Development2',null); 
INSERT INTO Department VALUES ('BU4','Business Development',null); 
INSERT INTO Department VALUES ('EN8','Engineering',null); 
INSERT INTO Department VALUES ('SA2','Sales',null); 
INSERT INTO Department VALUES ('HU6','Human Resources',null); 
INSERT INTO Department VALUES ('T05','Training2',null); 
INSERT INTO Department VALUES ('RE7','Research and Development',null); 

 
INSERT INTO Employee VALUES ('DA84JUD','Danice','Judgkins','Cra.15B #86-88',TO_DATE('30/05/1988','dd/mm/yyyy'),'M','Civil Engineer',null); 
INSERT INTO Employee VALUES ('CA67MES','Carmine','Messenger','Cll.89 #59-87',TO_DATE('14/06/1968','dd/mm/yyyy'),'M','Research Assistant IV',null); 
INSERT INTO Employee VALUES ('CA1GRE','Carolina','Greenhill','Avenida 33 #94-41',TO_DATE('28/11/1968','dd/mm/yyyy'),'M','Clinical Specialist',null); 
INSERT INTO Employee VALUES ('VI4WED','Vivi','Wedlake','Cll.83A #98-71',TO_DATE('9/04/1975','dd/mm/yyyy'),'F','Structural Engineer',null); 
INSERT INTO Employee VALUES ('FE64CON','Felicia','Conrad','Avenida 36A #14-27',TO_DATE('15/11/1951','dd/mm/yyyy'),'M','Statistician II',null); 
INSERT INTO Employee VALUES ('ST25ROW','Stormy','Rowan','Cll.83B #82-57',TO_DATE('12/06/1984','dd/mm/yyyy'),'F','Sales Associate',null); 
INSERT INTO Employee VALUES ('BE98CIC','Beryle','Cicccitti','Avenida 44A #87-51',TO_DATE('11/05/1986','dd/mm/yyyy'),'F','Human Resources Manager',null); 
INSERT INTO Employee VALUES ('GR51RIC','Gretal','Richardon','Cll.33A #66-37',TO_DATE('5/01/1965','dd/mm/yyyy'),'F','Financial Advisor',null); 
INSERT INTO Employee VALUES ('KI95BAR','Kiri','Barrowcliffe','Cll.92 #81-29',TO_DATE('22/01/1993','dd/mm/yyyy'),'M','Assistant Manager',null); 
INSERT INTO Employee VALUES ('BR13MAN','Brenden','Manifold','Avenida 41A #86-95',TO_DATE('29/04/1993','dd/mm/yyyy'),'F','GIS Technical Architect',null); 
INSERT INTO Employee VALUES ('FI10BRU','Fields','Brusby','Avenida 45B #28-29',TO_DATE('5/05/1979','dd/mm/yyyy'),'M','Electrical Engineer',null); 
INSERT INTO Employee VALUES ('MI39DAL','Millard','Dallaway','Cll.56B #96-97',TO_DATE('28/04/1983','dd/mm/yyyy'),'M','Senior Developer',null); 
INSERT INTO Employee VALUES ('SA92PHI','Sabina','Philpot','Avenida 90A #1-8',TO_DATE('4/03/1967','dd/mm/yyyy'),'F','Software Consultant',null); 
INSERT INTO Employee VALUES ('KR60LAR','Krystal','Large','Cll.23 #66-83',TO_DATE('17/01/1973','dd/mm/yyyy'),'M','Research Associate',null); 
INSERT INTO Employee VALUES ('MI3RAB','Mira','Rabjohn','Cll.16A #88-20',TO_DATE('31/03/1964','dd/mm/yyyy'),'F','Senior Editor',null); 
INSERT INTO Employee VALUES ('TA72COL','Tansy','Colthurst','Avenida 78B #77-57',TO_DATE('13/07/1952','dd/mm/yyyy'),'M','Systems Administrator II',null); 
INSERT INTO Employee VALUES ('FI32EDW','Fidelity','Edwick','Cra.3B #63-36',TO_DATE('14/02/1982','dd/mm/yyyy'),'M','Structural Analysis Engineer',null); 
INSERT INTO Employee VALUES ('MI56MER','Minette','Merington','Avenida 60B #71-85',TO_DATE('1/08/1973','dd/mm/yyyy'),'F','Internal Auditor',null); 
INSERT INTO Employee VALUES ('RA12GOO','Rainer','Gooke','Cra.34B #74-10',TO_DATE('28/04/1958','dd/mm/yyyy'),'M','Media Manager IV',null); 
INSERT INTO Employee VALUES ('CA8JEN','Camey','Jencken','Cra.52B #52-69',TO_DATE('13/08/1982','dd/mm/yyyy'),'F','Speech Pathologist',null); 

 
UPDATE Department SET empNo = 'DA84JUD' WHERE Department.deptNo = 'TR5';
UPDATE Department SET empNo = 'CA67MES' WHERE Department.deptNo = 'S02';
UPDATE Department SET empNo = 'CA1GRE' WHERE Department.deptNo = 'SU9';
UPDATE Department SET empNo = 'VI4WED' WHERE Department.deptNo = 'MA3';
UPDATE Department SET empNo = 'FE64CON' WHERE Department.deptNo = 'H06';
UPDATE Department SET empNo = 'ST25ROW' WHERE Department.deptNo = 'E08';
UPDATE Department SET empNo = 'BE98CIC' WHERE Department.deptNo = 'S09';
UPDATE Department SET empNo = 'GR51RIC' WHERE Department.deptNo = 'LE0';
UPDATE Department SET empNo = 'KI95BAR' WHERE Department.deptNo = 'PR11';
UPDATE Department SET empNo = 'BR13MAN' WHERE Department.deptNo = 'AC10';
UPDATE Department SET empNo = 'FI10BRU' WHERE Department.deptNo = 'SE1';
UPDATE Department SET empNo = 'MI39DAL' WHERE Department.deptNo = 'R07';
UPDATE Department SET empNo = 'SA92PHI' WHERE Department.deptNo = 'L00';
UPDATE Department SET empNo = 'KR60LAR' WHERE Department.deptNo = 'B04';
UPDATE Department SET empNo = 'MI3RAB' WHERE Department.deptNo = 'BU4';
UPDATE Department SET empNo = 'TA72COL' WHERE Department.deptNo = 'EN8';
UPDATE Department SET empNo = 'FI32EDW' WHERE Department.deptNo = 'SA2';
UPDATE Department SET empNo = 'MI56MER' WHERE Department.deptNo = 'HU6';
UPDATE Department SET empNo = 'RA12GOO' WHERE Department.deptNo = 'T05';
UPDATE Department SET empNo = 'CA8JEN' WHERE Department.deptNo = 'RE7';

 
UPDATE Employee SET deptNo = 'TR5' WHERE Employee.empNo = 'DA84JUD';
UPDATE Employee SET deptNo = 'S02' WHERE Employee.empNo = 'CA67MES';
UPDATE Employee SET deptNo = 'SU9' WHERE Employee.empNo = 'CA1GRE';
UPDATE Employee SET deptNo = 'MA3' WHERE Employee.empNo = 'VI4WED';
UPDATE Employee SET deptNo = 'H06' WHERE Employee.empNo = 'FE64CON';
UPDATE Employee SET deptNo = 'E08' WHERE Employee.empNo = 'ST25ROW';
UPDATE Employee SET deptNo = 'S09' WHERE Employee.empNo = 'BE98CIC';
UPDATE Employee SET deptNo = 'LE0' WHERE Employee.empNo = 'GR51RIC';
UPDATE Employee SET deptNo = 'PR11' WHERE Employee.empNo = 'KI95BAR';
UPDATE Employee SET deptNo = 'AC10' WHERE Employee.empNo = 'BR13MAN';
UPDATE Employee SET deptNo = 'SE1' WHERE Employee.empNo = 'FI10BRU';
UPDATE Employee SET deptNo = 'R07' WHERE Employee.empNo = 'MI39DAL';
UPDATE Employee SET deptNo = 'L00' WHERE Employee.empNo = 'SA92PHI';
UPDATE Employee SET deptNo = 'B04' WHERE Employee.empNo = 'KR60LAR';
UPDATE Employee SET deptNo = 'BU4' WHERE Employee.empNo = 'MI3RAB';
UPDATE Employee SET deptNo = 'EN8' WHERE Employee.empNo = 'TA72COL';
UPDATE Employee SET deptNo = 'SA2' WHERE Employee.empNo = 'FI32EDW';
UPDATE Employee SET deptNo = 'HU6' WHERE Employee.empNo = 'MI56MER';
UPDATE Employee SET deptNo = 'T05' WHERE Employee.empNo = 'RA12GOO';
UPDATE Employee SET deptNo = 'RE7' WHERE Employee.empNo = 'CA8JEN';

 
INSERT INTO Project VALUES ('#TR10*','Transcof','T05'); 
INSERT INTO Project VALUES ('#VI17*','Viva','E08'); 
INSERT INTO Project VALUES ('#CA4*','Cardify','T05'); 
INSERT INTO Project VALUES ('#SU8*','Subin','T05'); 
INSERT INTO Project VALUES ('#FI19*','Fintone','HU6'); 
INSERT INTO Project VALUES ('#Y-7*','Y-Solowarm','RE7'); 
INSERT INTO Project VALUES ('#ZO1*','Zoolab','MA3'); 
INSERT INTO Project VALUES ('#IT3*','It','PR11'); 
INSERT INTO Project VALUES ('#SU6*','Sub-Ex','LE0'); 
INSERT INTO Project VALUES ('#ST9*','Stim','SU9'); 
INSERT INTO Project VALUES ('#CO12*','Cookley','PR11'); 
INSERT INTO Project VALUES ('#ZO15*','Zoolab','T05'); 
INSERT INTO Project VALUES ('#RO16*','Ronstring','B04'); 
INSERT INTO Project VALUES ('#BI2*','Bitwolf','B04'); 
INSERT INTO Project VALUES ('#KA14*','Kanlam','MA3'); 
INSERT INTO Project VALUES ('#HO11*','Holdlamis','E08'); 
INSERT INTO Project VALUES ('#SP0*','Span','S02'); 
INSERT INTO Project VALUES ('#CO5*','Cookley','EN8'); 
INSERT INTO Project VALUES ('#MA13*','Mat Lam Tam','S02'); 
INSERT INTO Project VALUES ('#SO18*','Sonair','L00'); 

 
INSERT INTO WorksOn VALUES ('KI95BAR','#CO12*',TO_DATE('24/02/2019','dd/mm/yyyy'),9.67); 
INSERT INTO WorksOn VALUES ('CA1GRE','#ST9*',TO_DATE('21/03/2020','dd/mm/yyyy'),2.93); 
INSERT INTO WorksOn VALUES ('CA67MES','#SP0*',TO_DATE('15/05/2019','dd/mm/yyyy'),3.54); 
INSERT INTO WorksOn VALUES ('TA72COL','#CO5*',TO_DATE('23/04/2019','dd/mm/yyyy'),7.52); 
INSERT INTO WorksOn VALUES ('KI95BAR','#CO12*',TO_DATE('22/05/2019','dd/mm/yyyy'),8.09); 
INSERT INTO WorksOn VALUES ('ST25ROW','#VI17*',TO_DATE('2/11/2019','dd/mm/yyyy'),8.42); 
INSERT INTO WorksOn VALUES ('VI4WED','#ZO1*',TO_DATE('24/08/2019','dd/mm/yyyy'),2.48); 
INSERT INTO WorksOn VALUES ('GR51RIC','#SU6*',TO_DATE('27/01/2019','dd/mm/yyyy'),8.26); 
INSERT INTO WorksOn VALUES ('VI4WED','#ZO1*',TO_DATE('12/07/2019','dd/mm/yyyy'),3.9); 
INSERT INTO WorksOn VALUES ('TA72COL','#CO5*',TO_DATE('17/12/2019','dd/mm/yyyy'),2.94); 
INSERT INTO WorksOn VALUES ('CA8JEN','#Y-7*',TO_DATE('19/11/2020','dd/mm/yyyy'),1.5); 
INSERT INTO WorksOn VALUES ('KI95BAR','#IT3*',TO_DATE('24/10/2020','dd/mm/yyyy'),7.12); 
INSERT INTO WorksOn VALUES ('KI95BAR','#IT3*',TO_DATE('28/02/2020','dd/mm/yyyy'),11.8); 
INSERT INTO WorksOn VALUES ('CA1GRE','#ST9*',TO_DATE('26/11/2019','dd/mm/yyyy'),4.74); 
INSERT INTO WorksOn VALUES ('GR51RIC','#SU6*',TO_DATE('19/06/2020','dd/mm/yyyy'),3.54); 
INSERT INTO WorksOn VALUES ('ST25ROW','#HO11*',TO_DATE('10/03/2020','dd/mm/yyyy'),9.96); 
INSERT INTO WorksOn VALUES ('RA12GOO','#ZO15*',TO_DATE('1/02/2020','dd/mm/yyyy'),0.53); 
INSERT INTO WorksOn VALUES ('RA12GOO','#SU8*',TO_DATE('14/02/2019','dd/mm/yyyy'),1.01); 
INSERT INTO WorksOn VALUES ('GR51RIC','#SU6*',TO_DATE('13/05/2020','dd/mm/yyyy'),4.21); 
INSERT INTO WorksOn VALUES ('CA67MES','#MA13*',TO_DATE('22/09/2020','dd/mm/yyyy'),6.17); 

